-- phpMyAdmin SQL Dump
-- version 4.8.3
-- https://www.phpmyadmin.net/
--
-- Host: 127.0.0.1
-- Waktu pembuatan: 03 Jul 2019 pada 13.18
-- Versi server: 10.1.36-MariaDB
-- Versi PHP: 7.2.10

SET SQL_MODE = "NO_AUTO_VALUE_ON_ZERO";
SET AUTOCOMMIT = 0;
START TRANSACTION;
SET time_zone = "+00:00";


/*!40101 SET @OLD_CHARACTER_SET_CLIENT=@@CHARACTER_SET_CLIENT */;
/*!40101 SET @OLD_CHARACTER_SET_RESULTS=@@CHARACTER_SET_RESULTS */;
/*!40101 SET @OLD_COLLATION_CONNECTION=@@COLLATION_CONNECTION */;
/*!40101 SET NAMES utf8mb4 */;

--
-- Database: `tugas-besar`
--

-- --------------------------------------------------------

--
-- Struktur dari tabel `agama`
--

CREATE TABLE `agama` (
  `id` tinyint(1) NOT NULL,
  `agama` varchar(10) NOT NULL
) ENGINE=InnoDB DEFAULT CHARSET=latin1;

--
-- Dumping data untuk tabel `agama`
--

INSERT INTO `agama` (`id`, `agama`) VALUES
(5, 'Budha'),
(4, 'Hindu'),
(1, 'Islam'),
(3, 'Katholik'),
(2, 'Kristen');

-- --------------------------------------------------------

--
-- Struktur dari tabel `anggota_keluarga`
--

CREATE TABLE `anggota_keluarga` (
  `nik` varchar(16) NOT NULL,
  `no_kk` varchar(16) NOT NULL,
  `nama_anggota` varchar(255) NOT NULL,
  `status_hubungan` varchar(50) NOT NULL,
  `status_perkawinan` varchar(50) NOT NULL,
  `tempat_lahir` varchar(255) NOT NULL,
  `tanggal_lahir` date NOT NULL,
  `jenis_kelamin` varchar(15) NOT NULL,
  `gol_darah` varchar(2) NOT NULL,
  `agama` varchar(15) NOT NULL,
  `pendidikan` varchar(70) NOT NULL,
  `pekerjaan` varchar(30) NOT NULL,
  `nama_ibu` varchar(255) NOT NULL
) ENGINE=InnoDB DEFAULT CHARSET=latin1;

--
-- Dumping data untuk tabel `anggota_keluarga`
--

INSERT INTO `anggota_keluarga` (`nik`, `no_kk`, `nama_anggota`, `status_hubungan`, `status_perkawinan`, `tempat_lahir`, `tanggal_lahir`, `jenis_kelamin`, `gol_darah`, `agama`, `pendidikan`, `pekerjaan`, `nama_ibu`) VALUES
('1234567890987651', '1234567890987654', 'Slamet', 'Kepala Keluarga', 'Kawin', 'SEMARANG', '1989-06-13', 'Laki-laki', 'A', 'Islam', 'Diploma IV / Strata I', 'Pegawai Negeri Sipil', 'Dwi'),
('1234567890987652', '1234567890987654', 'Lestari', 'Istri', 'Kawin', 'SALATIGA', '1992-06-23', 'Perempuan', 'AB', 'Islam', 'Diploma IV / Strata I', 'Guru', 'Sriningsih'),
('1234567890987653', '1234567890987659', 'Elisha Harianja', 'Anak', 'Belum Kawin', 'SEMARANG', '2017-02-01', 'Perempuan', 'A', 'Islam', 'Tidak / Belum Sekolah', 'Belum / Tidak Bekerja', 'Lestari'),
('1234567890987655', '1234567890987654', 'Nathan Panjaitan', 'Anak', 'Belum Kawin', 'SEMARANG', '2017-02-01', 'Laki-laki', 'B', 'Islam', 'Tidak / Belum Sekolah', 'Belum / Tidak Bekerja', 'Lestari'),
('1234567890987656', '1234567890987654', 'Hadi Indra Pranoto', 'Anak', 'Belum Kawin', 'SEMARANG', '2019-02-01', 'Laki-laki', 'A', 'Islam', 'Tidak / Belum Sekolah', 'Belum / Tidak Bekerja', 'Lestari'),
('1234567890987657', '1234567890987659', 'Benny Wahyu Sumadi', 'Kepala Keluarga', 'Kawin', 'SALATIGA', '1972-03-08', 'Laki-laki', 'O', 'Kristen', 'Strata II', 'Guru', 'Susanti'),
('1234567890987658', '1234567890987659', 'Wangi Yanti Wibowo', 'Istri', 'Kawin', 'SEMARANG', '1974-06-11', 'Perempuan', 'O', 'Kristen', 'Akademi / Diploma III / Sarjana Muda', 'Pegawai Negeri Sipil', 'Yulia');

-- --------------------------------------------------------

--
-- Struktur dari tabel `data_group`
--

CREATE TABLE `data_group` (
  `id` int(11) NOT NULL,
  `id_wilayah` varchar(255) NOT NULL,
  `no_kk` varchar(16) NOT NULL,
  `kepala_keluarga` varchar(255) NOT NULL,
  `nama_group` varchar(255) NOT NULL,
  `rt` int(11) NOT NULL,
  `rw` int(11) NOT NULL
) ENGINE=InnoDB DEFAULT CHARSET=latin1;

--
-- Dumping data untuk tabel `data_group`
--

INSERT INTO `data_group` (`id`, `id_wilayah`, `no_kk`, `kepala_keluarga`, `nama_group`, `rt`, `rw`) VALUES
(1, '50137', '1234567890987654', 'Slamet', 'Keluarga Slamet', 1, 1),
(2, '50188', '1234567890987659', 'Benny Wahyu Sumadi', 'Keluarga Benny Wahyu Sumadi', 1, 1),
(3, '50111', '0000000000000000', '0', '0', 0, 0);

-- --------------------------------------------------------

--
-- Struktur dari tabel `gol_darah`
--

CREATE TABLE `gol_darah` (
  `id` tinyint(1) NOT NULL,
  `gol_darah` varchar(2) NOT NULL
) ENGINE=InnoDB DEFAULT CHARSET=latin1;

--
-- Dumping data untuk tabel `gol_darah`
--

INSERT INTO `gol_darah` (`id`, `gol_darah`) VALUES
(1, 'A'),
(5, 'A+'),
(3, 'AB'),
(2, 'B'),
(6, 'B+'),
(4, 'O');

-- --------------------------------------------------------

--
-- Struktur dari tabel `jenis_kelamin`
--

CREATE TABLE `jenis_kelamin` (
  `id` tinyint(1) NOT NULL,
  `jenis_kelamin` varchar(15) NOT NULL
) ENGINE=InnoDB DEFAULT CHARSET=latin1;

--
-- Dumping data untuk tabel `jenis_kelamin`
--

INSERT INTO `jenis_kelamin` (`id`, `jenis_kelamin`) VALUES
(1, 'Laki-laki'),
(2, 'Perempuan');

-- --------------------------------------------------------

--
-- Struktur dari tabel `kartu_keluarga`
--

CREATE TABLE `kartu_keluarga` (
  `no_kk` varchar(16) NOT NULL,
  `kepala_keluarga` varchar(255) NOT NULL,
  `alamat` varchar(255) NOT NULL,
  `status` varchar(15) NOT NULL
) ENGINE=InnoDB DEFAULT CHARSET=latin1;

--
-- Dumping data untuk tabel `kartu_keluarga`
--

INSERT INTO `kartu_keluarga` (`no_kk`, `kepala_keluarga`, `alamat`, `status`) VALUES
('0000000000000000', '0', '50111', 'Proses Mutasi'),
('1234567890987654', 'Slamet', '50137', 'Aktif'),
('1234567890987659', 'Benny Wahyu Sumadi', '50125', 'Aktif');

-- --------------------------------------------------------

--
-- Struktur dari tabel `mutasi`
--

CREATE TABLE `mutasi` (
  `id` int(11) NOT NULL,
  `nik` varchar(16) NOT NULL,
  `tanggal` date NOT NULL,
  `wilayah_lama` varchar(7) NOT NULL,
  `wilayah_baru` varchar(7) NOT NULL,
  `group_lama` int(11) NOT NULL,
  `group_baru` int(11) NOT NULL,
  `approval` varchar(15) NOT NULL
) ENGINE=InnoDB DEFAULT CHARSET=latin1;

--
-- Dumping data untuk tabel `mutasi`
--

INSERT INTO `mutasi` (`id`, `nik`, `tanggal`, `wilayah_lama`, `wilayah_baru`, `group_lama`, `group_baru`, `approval`) VALUES
(2, '1234567890987653', '2019-07-03', '50137', '50125', 1, 2, 'Aktif');

-- --------------------------------------------------------

--
-- Struktur dari tabel `pekerjaan`
--

CREATE TABLE `pekerjaan` (
  `id` tinyint(2) NOT NULL,
  `pekerjaan` varchar(255) NOT NULL
) ENGINE=InnoDB DEFAULT CHARSET=latin1;

--
-- Dumping data untuk tabel `pekerjaan`
--

INSERT INTO `pekerjaan` (`id`, `pekerjaan`) VALUES
(1, 'Belum / Tidak Bekerja'),
(19, 'Buruh Harian Lepas'),
(20, 'Buruh Tani / Perkebunan'),
(65, 'Guru'),
(41, 'Imam Masjid'),
(15, 'Karyawan Swasta'),
(86, 'Kepala Desa'),
(34, 'Mekanik'),
(2, 'Mengurus Rumah Tangga'),
(38, 'Paraji'),
(84, 'Pedagang'),
(5, 'Pegawai Negeri Sipil'),
(3, 'Pelajar / Mahasiswa'),
(23, 'Pembantu Rumah Tangga'),
(4, 'Pensiunan'),
(85, 'Perangkat Desa'),
(9, 'Petani / Pekebun'),
(10, 'Peternak'),
(81, 'Sopir'),
(6, 'TNI'),
(26, 'Tukang Batu'),
(24, 'Tukang Cukur'),
(27, 'Tukang Kayu'),
(25, 'Tukang Listrik'),
(45, 'Ustadz / Mubaligh'),
(44, 'Wartawan'),
(88, 'Wiraswasta');

-- --------------------------------------------------------

--
-- Struktur dari tabel `pendidikan_terakhir`
--

CREATE TABLE `pendidikan_terakhir` (
  `id` tinyint(2) NOT NULL,
  `pendidikan` varchar(255) NOT NULL
) ENGINE=InnoDB DEFAULT CHARSET=latin1;

--
-- Dumping data untuk tabel `pendidikan_terakhir`
--

INSERT INTO `pendidikan_terakhir` (`id`, `pendidikan`) VALUES
(7, 'Akademi / Diploma III / Sarjana Muda'),
(2, 'Belum Tamat SD / Sederajat'),
(6, 'Diploma I / II'),
(8, 'Diploma IV / Strata I'),
(5, 'SLTA / Sederajat'),
(4, 'SLTP / Sederajat'),
(9, 'Strata II'),
(10, 'Strata III'),
(3, 'Tamat SD / Sederajat'),
(1, 'Tidak / Belum Sekolah');

-- --------------------------------------------------------

--
-- Struktur dari tabel `pengguna`
--

CREATE TABLE `pengguna` (
  `nik` varchar(16) NOT NULL,
  `no_kk` varchar(16) NOT NULL,
  `nama` varchar(255) NOT NULL,
  `password` varchar(255) NOT NULL,
  `id_group` int(11) NOT NULL,
  `isAdmin` tinyint(1) NOT NULL
) ENGINE=InnoDB DEFAULT CHARSET=latin1;

--
-- Dumping data untuk tabel `pengguna`
--

INSERT INTO `pengguna` (`nik`, `no_kk`, `nama`, `password`, `id_group`, `isAdmin`) VALUES
('1234567890987651', '1234567890987654', 'Slamet', '$2y$13$vGzHQ/9WK22NRU6YOHnJKOnYqw9pQRVql8AwRoO3F/o7oWaZZH4Ma', 1, 1),
('1234567890987652', '1234567890987654', 'Lestari', '$2y$13$qP10nsDnfGOpJE.VnrAuluKEhoXHwDZ4wq10qwvCuQ35sFImNTSpS', 1, 0),
('1234567890987653', '1234567890987654', 'Elisha Harianja', '$2y$13$1JKxam0zT/Yy9EKgHYuEge7.WDjvwudLxFtupI2xkVWORDweH7zFq', 1, 0),
('1234567890987655', '1234567890987654', 'Nathan Panjaitan', '$2y$13$0cr3G60vcFnkoVOB324pB./AYFkmhCqNVprWxtZuT6.bM7koaD1Xe', 1, 0),
('1234567890987656', '1234567890987654', 'Hadi Indra Pranoto', '$2y$13$II0p3gf/QKWFIBMKdlVXf.MieG3dx0jElPOTW1QTii4gvilpRbrgG', 1, 0),
('1234567890987657', '1234567890987659', 'Benny Wahyu Sumadi', '$2y$13$5iKcYyMPJCMtazVPwZu6n.GvdMl9JSgxYG9pKwNFcE3TPQBmX3Xsa', 2, 0),
('1234567890987658', '1234567890987659', 'Wangi Yanti Wibowo', '$2y$13$92zHZ1676Ry8GVKSwk3Rj.vtN7B8FQNqZw1aXR0f5ZE.gVOk8F5tC', 2, 0);

-- --------------------------------------------------------

--
-- Struktur dari tabel `status_hubungan`
--

CREATE TABLE `status_hubungan` (
  `id` tinyint(2) NOT NULL,
  `status` varchar(255) NOT NULL
) ENGINE=InnoDB DEFAULT CHARSET=latin1;

--
-- Dumping data untuk tabel `status_hubungan`
--

INSERT INTO `status_hubungan` (`id`, `status`) VALUES
(4, 'Anak'),
(6, 'Cucu'),
(9, 'Famili Lain'),
(3, 'Istri'),
(1, 'Kepala Keluarga'),
(11, 'Lainnya'),
(5, 'Menantu'),
(8, 'Mertua'),
(7, 'Orangtua'),
(10, 'Pembantu'),
(2, 'Suami');

-- --------------------------------------------------------

--
-- Struktur dari tabel `status_kk`
--

CREATE TABLE `status_kk` (
  `id` tinyint(1) NOT NULL,
  `keterangan` varchar(255) NOT NULL
) ENGINE=InnoDB DEFAULT CHARSET=latin1;

--
-- Dumping data untuk tabel `status_kk`
--

INSERT INTO `status_kk` (`id`, `keterangan`) VALUES
(1, 'Aktif'),
(2, 'Proses Mutasi');

-- --------------------------------------------------------

--
-- Struktur dari tabel `status_perkawinan`
--

CREATE TABLE `status_perkawinan` (
  `id` tinyint(1) NOT NULL,
  `status` varchar(255) NOT NULL
) ENGINE=InnoDB DEFAULT CHARSET=latin1;

--
-- Dumping data untuk tabel `status_perkawinan`
--

INSERT INTO `status_perkawinan` (`id`, `status`) VALUES
(1, 'Belum Kawin'),
(3, 'Cerai Hidup'),
(4, 'Cerai Mati'),
(2, 'Kawin');

-- --------------------------------------------------------

--
-- Struktur dari tabel `tagihan`
--

CREATE TABLE `tagihan` (
  `id` int(11) NOT NULL,
  `id_group` int(11) NOT NULL,
  `no_kk` varchar(16) NOT NULL,
  `deskripsi` varchar(255) NOT NULL,
  `tagihan` int(9) NOT NULL,
  `status` varchar(12) NOT NULL
) ENGINE=InnoDB DEFAULT CHARSET=latin1;

--
-- Dumping data untuk tabel `tagihan`
--

INSERT INTO `tagihan` (`id`, `id_group`, `no_kk`, `deskripsi`, `tagihan`, `status`) VALUES
(3, 1, '1234567890987654', 'Tenaga Kebersihan', 80000, 'Terbayar'),
(4, 1, '1234567890987654', 'Tenaga Keamanan', 120000, 'Terbayar'),
(5, 2, '1234567890987659', 'Tenaga Kebersihan', 80000, 'Belum Bayar'),
(6, 2, '1234567890987659', 'Tenaga Keamanan', 120000, 'Belum Bayar'),
(8, 1, '1234567890987654', 'Tenaga Keamanan', 120000, 'Belum Bayar');

-- --------------------------------------------------------

--
-- Struktur dari tabel `wilayah`
--

CREATE TABLE `wilayah` (
  `id` int(11) NOT NULL,
  `kelurahan` varchar(255) NOT NULL,
  `kecamatan` varchar(255) NOT NULL,
  `kabupaten` varchar(255) NOT NULL,
  `provinsi` varchar(255) NOT NULL,
  `kodepos` varchar(7) NOT NULL
) ENGINE=InnoDB DEFAULT CHARSET=latin1;

--
-- Dumping data untuk tabel `wilayah`
--

INSERT INTO `wilayah` (`id`, `kelurahan`, `kecamatan`, `kabupaten`, `provinsi`, `kodepos`) VALUES
(32732, 'MUKTIHARJO LOR', 'GENUK', 'SEMARANG', 'JAWA TENGAH', '50111'),
(32733, 'TERBOYO KULON', 'GENUK', 'SEMARANG', 'JAWA TENGAH', '50112'),
(32734, 'TERBOYO WETAN', 'GENUK', 'SEMARANG', 'JAWA TENGAH', '50112'),
(32735, 'PENGGARON LOR', 'GENUK', 'SEMARANG', 'JAWA TENGAH', '50113'),
(32736, 'TLOGOMULYO', 'PEDURUNGAN', 'SEMARANG', 'JAWA TENGAH', '50113'),
(32737, 'BANGETAYU KULON', 'GENUK', 'SEMARANG', 'JAWA TENGAH', '50115'),
(32738, 'BANGETAYU WETAN', 'GENUK', 'SEMARANG', 'JAWA TENGAH', '50115'),
(32739, 'KUDU', 'GENUK', 'SEMARANG', 'JAWA TENGAH', '50116'),
(32740, 'SEMBUNGHARJO', 'GENUK', 'SEMARANG', 'JAWA TENGAH', '50116'),
(32741, 'BANJARDOWO', 'GENUK', 'SEMARANG', 'JAWA TENGAH', '50117'),
(32742, 'GEBANGSARI', 'GENUK', 'SEMARANG', 'JAWA TENGAH', '50117'),
(32743, 'KARANGROTO', 'GENUK', 'SEMARANG', 'JAWA TENGAH', '50117'),
(32744, 'TRIMULYO', 'GENUK', 'SEMARANG', 'JAWA TENGAH', '50118'),
(32745, 'MLATIBARU', 'SEMARANG TIMUR', 'SEMARANG', 'JAWA TENGAH', '50122'),
(32746, 'KEBONAGUNG', 'SEMARANG TIMUR', 'SEMARANG', 'JAWA TENGAH', '50123'),
(32747, 'KEBONAGUNG', 'SUMOWONO', 'SEMARANG', 'JAWA TENGAH', '50123'),
(32748, 'KARANGTURI', 'SEMARANG TIMUR', 'SEMARANG', 'JAWA TENGAH', '50124'),
(32749, 'SARIREJO', 'SEMARANG TIMUR', 'SEMARANG', 'JAWA TENGAH', '50124'),
(32750, 'REJOSARI', 'BANCAK', 'SEMARANG', 'JAWA TENGAH', '50125'),
(32751, 'REJOSARI', 'SEMARANG TIMUR', 'SEMARANG', 'JAWA TENGAH', '50125'),
(32752, 'BUGANGAN', 'SEMARANG TIMUR', 'SEMARANG', 'JAWA TENGAH', '50126'),
(32753, 'MLATIHARJO', 'SEMARANG TIMUR', 'SEMARANG', 'JAWA TENGAH', '50126'),
(32754, 'KARANGTENGAH', 'TUNTANG', 'SEMARANG', 'JAWA TENGAH', '50131'),
(32755, 'PENDRIKAN KIDUL', 'SEMARANG TENGAH', 'SEMARANG', 'JAWA TENGAH', '50131'),
(32756, 'PENDRIKAN LOR', 'SEMARANG TENGAH', 'SEMARANG', 'JAWA TENGAH', '50131'),
(32757, 'SEKAYU', 'SEMARANG TENGAH', 'SEMARANG', 'JAWA TENGAH', '50132'),
(32758, 'KEMBANGSARI', 'SEMARANG TENGAH', 'SEMARANG', 'JAWA TENGAH', '50133'),
(32759, 'MIROTO', 'SEMARANG TENGAH', 'SEMARANG', 'JAWA TENGAH', '50134'),
(32760, 'BRUMBUNGAN', 'SEMARANG TENGAH', 'SEMARANG', 'JAWA TENGAH', '50135'),
(32761, 'GABAHAN', 'SEMARANG TENGAH', 'SEMARANG', 'JAWA TENGAH', '50135'),
(32762, 'PURWODINATAN', 'SEMARANG TENGAH', 'SEMARANG', 'JAWA TENGAH', '50137'),
(32763, 'BANGUNHARJO', 'SEMARANG TENGAH', 'SEMARANG', 'JAWA TENGAH', '50138'),
(32764, 'KRANGGAN', 'SEMARANG TENGAH', 'SEMARANG', 'JAWA TENGAH', '50139'),
(32765, 'PANDANSARI', 'SEMARANG TENGAH', 'SEMARANG', 'JAWA TENGAH', '50139'),
(32766, 'BOJONGSALAMAN', 'SEMARANG BARAT', 'SEMARANG', 'JAWA TENGAH', '50141'),
(32767, 'CABEAN', 'SEMARANG BARAT', 'SEMARANG', 'JAWA TENGAH', '50141'),
(32768, 'KROBOKAN', 'SEMARANG BARAT', 'SEMARANG', 'JAWA TENGAH', '50141'),
(32769, 'TAWANGMAS', 'SEMARANG BARAT', 'SEMARANG', 'JAWA TENGAH', '50144'),
(32770, 'TAWANGSARI', 'SEMARANG BARAT', 'SEMARANG', 'JAWA TENGAH', '50144'),
(32771, 'KALIBANTENG KULON', 'SEMARANG BARAT', 'SEMARANG', 'JAWA TENGAH', '50145'),
(32772, 'KRAPYAK', 'SEMARANG BARAT', 'SEMARANG', 'JAWA TENGAH', '50146'),
(32773, 'MANYARAN', 'SEMARANG BARAT', 'SEMARANG', 'JAWA TENGAH', '50147'),
(32774, 'BONGSARI', 'SEMARANG BARAT', 'SEMARANG', 'JAWA TENGAH', '50148'),
(32775, 'NGEMPLAK SIMONGAN', 'SEMARANG BARAT', 'SEMARANG', 'JAWA TENGAH', '50148'),
(32776, 'GISIKDRONO', 'SEMARANG BARAT', 'SEMARANG', 'JAWA TENGAH', '50149'),
(32777, 'KALIBANTENG KIDUL', 'SEMARANG BARAT', 'SEMARANG', 'JAWA TENGAH', '50149'),
(32778, 'KARANG AYU', 'SEMARANG BARAT', 'SEMARANG', 'JAWA TENGAH', '50149'),
(32779, 'SALAMANMLOYO', 'SEMARANG BARAT', 'SEMARANG', 'JAWA TENGAH', '50149'),
(32780, 'TAMBAK HARJO', 'SEMARANG BARAT', 'SEMARANG', 'JAWA TENGAH', '50149'),
(32781, 'JERAKAH', 'TUGU', 'SEMARANG', 'JAWA TENGAH', '50151'),
(32782, 'KARANGANYAR', 'TUGU', 'SEMARANG', 'JAWA TENGAH', '50152'),
(32783, 'MANGUNHARJO', 'TUGU', 'SEMARANG', 'JAWA TENGAH', '50154'),
(32784, 'MANGKANG KULON', 'TUGU', 'SEMARANG', 'JAWA TENGAH', '50155'),
(32785, 'MANGKANG WETAN', 'TUGU', 'SEMARANG', 'JAWA TENGAH', '50156'),
(32786, 'SIWALAN', 'GAYAMSARI', 'SEMARANG', 'JAWA TENGAH', '50162'),
(32787, 'SAWAHBESAR', 'GAYAMSARI', 'SEMARANG', 'JAWA TENGAH', '50163'),
(32788, 'KALIGAWE', 'GAYAMSARI', 'SEMARANG', 'JAWA TENGAH', '50164'),
(32789, 'SAMBIREJO', 'GAYAMSARI', 'SEMARANG', 'JAWA TENGAH', '50166'),
(32790, 'PLOMBOKAN', 'SEMARANG UTARA', 'SEMARANG', 'JAWA TENGAH', '50171'),
(32791, 'PURWOSARI', 'SEMARANG UTARA', 'SEMARANG', 'JAWA TENGAH', '50172'),
(32792, 'DADAPSARI', 'SEMARANG UTARA', 'SEMARANG', 'JAWA TENGAH', '50173'),
(32793, 'TAMBAKREJO', 'GAYAMSARI', 'SEMARANG', 'JAWA TENGAH', '50174'),
(32794, 'TANJUNGMAS', 'SEMARANG UTARA', 'SEMARANG', 'JAWA TENGAH', '50174'),
(32795, 'BANDARHARJO', 'SEMARANG UTARA', 'SEMARANG', 'JAWA TENGAH', '50175'),
(32796, 'KUNINGAN', 'SEMARANG UTARA', 'SEMARANG', 'JAWA TENGAH', '50176'),
(32797, 'PANGGUNG LOR', 'SEMARANG UTARA', 'SEMARANG', 'JAWA TENGAH', '50177'),
(32798, 'PANGGUNG KIDUL', 'SEMARANG UTARA', 'SEMARANG', 'JAWA TENGAH', '50178'),
(32799, 'BULU LOR', 'SEMARANG UTARA', 'SEMARANG', 'JAWA TENGAH', '50179'),
(32800, 'NGALIYAN', 'NGALIYAN', 'SEMARANG', 'JAWA TENGAH', '50181'),
(32801, 'RANDU GARUT', 'TUGU', 'SEMARANG', 'JAWA TENGAH', '50181'),
(32802, 'BANCAK', 'BANCAK', 'SEMARANG', 'JAWA TENGAH', '50182'),
(32803, 'BANTAL', 'BANCAK', 'SEMARANG', 'JAWA TENGAH', '50182'),
(32804, 'BOTO', 'BANCAK', 'SEMARANG', 'JAWA TENGAH', '50182'),
(32805, 'JLUMPANG', 'BANCAK', 'SEMARANG', 'JAWA TENGAH', '50182'),
(32806, 'LEMBU', 'BANCAK', 'SEMARANG', 'JAWA TENGAH', '50182'),
(32807, 'PLUMUTAN', 'BANCAK', 'SEMARANG', 'JAWA TENGAH', '50182'),
(32808, 'PUCUNG', 'BANCAK', 'SEMARANG', 'JAWA TENGAH', '50182'),
(32809, 'WONOKERTO', 'BANCAK', 'SEMARANG', 'JAWA TENGAH', '50182'),
(32810, 'KALIPANCUR', 'NGALIYAN', 'SEMARANG', 'JAWA TENGAH', '50183'),
(32811, 'KEMBANGARUM', 'SEMARANG BARAT', 'SEMARANG', 'JAWA TENGAH', '50183'),
(32812, 'PURWOYOSO', 'NGALIYAN', 'SEMARANG', 'JAWA TENGAH', '50184'),
(32813, 'TAMBAKAJI', 'NGALIYAN', 'SEMARANG', 'JAWA TENGAH', '50185'),
(32814, 'TUGUREJO', 'TUGU', 'SEMARANG', 'JAWA TENGAH', '50185'),
(32815, 'PLUMBON', 'SURUH', 'SEMARANG', 'JAWA TENGAH', '50186'),
(32816, 'GONDORIYO', 'BERGAS', 'SEMARANG', 'JAWA TENGAH', '50187'),
(32817, 'GONDORIYO', 'NGALIYAN', 'SEMARANG', 'JAWA TENGAH', '50187'),
(32818, 'PODOREJO', 'NGALIYAN', 'SEMARANG', 'JAWA TENGAH', '50187'),
(32819, 'KAUMAN', 'SEMARANG TENGAH', 'SEMARANG', 'JAWA TENGAH', '50188'),
(32820, 'WATES', 'NGALIYAN', 'SEMARANG', 'JAWA TENGAH', '50188'),
(32821, 'BRINGIN', 'NGALIYAN', 'SEMARANG', 'JAWA TENGAH', '50189'),
(32822, 'PEDURUNGAN KIDUL', 'PEDURUNGAN', 'SEMARANG', 'JAWA TENGAH', '50192'),
(32823, 'PEDURUNGAN LOR', 'PEDURUNGAN', 'SEMARANG', 'JAWA TENGAH', '50192'),
(32824, 'PEDURUNGAN TENGAH', 'PEDURUNGAN', 'SEMARANG', 'JAWA TENGAH', '50192'),
(32825, 'PENGGARON KIDUL', 'PEDURUNGAN', 'SEMARANG', 'JAWA TENGAH', '50194'),
(32826, 'TLOGOSARI KULON', 'PEDURUNGAN', 'SEMARANG', 'JAWA TENGAH', '50196'),
(32827, 'TLOGOSARI WETAN', 'PEDURUNGAN', 'SEMARANG', 'JAWA TENGAH', '50196'),
(32828, 'MUKTIHARJO KIDUL', 'PEDURUNGAN', 'SEMARANG', 'JAWA TENGAH', '50197'),
(32829, 'KALICARI', 'PEDURUNGAN', 'SEMARANG', 'JAWA TENGAH', '50198'),
(32830, 'PLAMONGAN SARI', 'PEDURUNGAN', 'SEMARANG', 'JAWA TENGAH', '50199'),
(32831, 'BAMBANKEREP', 'NGALIYAN', 'SEMARANG', 'JAWA TENGAH', '50211'),
(32832, 'KEDUNGPANI', 'MIJEN', 'SEMARANG', 'JAWA TENGAH', '50211'),
(32833, 'PESANTREN', 'MIJEN', 'SEMARANG', 'JAWA TENGAH', '50212'),
(32834, 'WONOREJO', 'PRINGAPUS', 'SEMARANG', 'JAWA TENGAH', '50212'),
(32835, 'NGADIRGO', 'MIJEN', 'SEMARANG', 'JAWA TENGAH', '50213'),
(32836, 'CANDIREJO', 'PRINGAPUS', 'SEMARANG', 'JAWA TENGAH', '50214'),
(32837, 'DEREKAN', 'PRINGAPUS', 'SEMARANG', 'JAWA TENGAH', '50214'),
(32838, 'JATIRUNGGO', 'PRINGAPUS', 'SEMARANG', 'JAWA TENGAH', '50214'),
(32839, 'PRINGAPUS', 'PRINGAPUS', 'SEMARANG', 'JAWA TENGAH', '50214'),
(32840, 'PRINGSARI', 'PRINGAPUS', 'SEMARANG', 'JAWA TENGAH', '50214'),
(32841, 'WONOPLUMBON', 'MIJEN', 'SEMARANG', 'JAWA TENGAH', '50214'),
(32842, 'WONOYOSO', 'PRINGAPUS', 'SEMARANG', 'JAWA TENGAH', '50214'),
(32843, 'TAMBANGAN', 'MIJEN', 'SEMARANG', 'JAWA TENGAH', '50215'),
(32844, 'WONOLOPO', 'MIJEN', 'SEMARANG', 'JAWA TENGAH', '50215'),
(32845, 'BUBAKAN', 'MIJEN', 'SEMARANG', 'JAWA TENGAH', '50216'),
(32846, 'CANGKIRAN', 'MIJEN', 'SEMARANG', 'JAWA TENGAH', '50216'),
(32847, 'KARANGMALANG', 'MIJEN', 'SEMARANG', 'JAWA TENGAH', '50216'),
(32848, 'POLAMAN', 'MIJEN', 'SEMARANG', 'JAWA TENGAH', '50217'),
(32849, 'PURWOSARI', 'MIJEN', 'SEMARANG', 'JAWA TENGAH', '50217'),
(32850, 'REMBES', 'BRINGIN', 'SEMARANG', 'JAWA TENGAH', '50218'),
(32851, 'JATIBARANG', 'MIJEN', 'SEMARANG', 'JAWA TENGAH', '50219'),
(32852, 'TLOGO', 'TUNTANG', 'SEMARANG', 'JAWA TENGAH', '50219'),
(32853, 'KRADENAN', 'KALIWUNGU', 'SEMARANG', 'JAWA TENGAH', '50221'),
(32854, 'SUKOREJO', 'GUNUNGPATI', 'SEMARANG', 'JAWA TENGAH', '50221'),
(32855, 'KANDRI', 'GUNUNGPATI', 'SEMARANG', 'JAWA TENGAH', '50222'),
(32856, 'SADENG', 'GUNUNGPATI', 'SEMARANG', 'JAWA TENGAH', '50222'),
(32857, 'CEPOKO', 'GUNUNGPATI', 'SEMARANG', 'JAWA TENGAH', '50223'),
(32858, 'JATIREJO', 'GUNUNGPATI', 'SEMARANG', 'JAWA TENGAH', '50223'),
(32859, 'NONGKOSAWIT', 'GUNUNGPATI', 'SEMARANG', 'JAWA TENGAH', '50224'),
(32860, 'PLALANGAN', 'GUNUNGPATI', 'SEMARANG', 'JAWA TENGAH', '50225'),
(32861, 'TEGALREJO', 'TENGARAN', 'SEMARANG', 'JAWA TENGAH', '50225'),
(32862, 'SUMUREJO', 'GUNUNGPATI', 'SEMARANG', 'JAWA TENGAH', '50226'),
(32863, 'MANGUNSARI', 'GUNUNGPATI', 'SEMARANG', 'JAWA TENGAH', '50227'),
(32864, 'PAKINTELAN', 'GUNUNGPATI', 'SEMARANG', 'JAWA TENGAH', '50227'),
(32865, 'REJOMULYO', 'SEMARANG TIMUR', 'SEMARANG', 'JAWA TENGAH', '50227'),
(32866, 'KEMIJEN', 'SEMARANG TIMUR', 'SEMARANG', 'JAWA TENGAH', '50228'),
(32867, 'NGIJO', 'GUNUNGPATI', 'SEMARANG', 'JAWA TENGAH', '50228'),
(32868, 'PATEMON', 'GUNUNGPATI', 'SEMARANG', 'JAWA TENGAH', '50228'),
(32869, 'GUNUNG PATI', 'GUNUNGPATI', 'SEMARANG', 'JAWA TENGAH', '50229'),
(32870, 'JETIS', 'KALIWUNGU', 'SEMARANG', 'JAWA TENGAH', '50229'),
(32871, 'KALISEGORO', 'GUNUNGPATI', 'SEMARANG', 'JAWA TENGAH', '50229'),
(32872, 'KALIWUNGU', 'KALIWUNGU', 'SEMARANG', 'JAWA TENGAH', '50229'),
(32873, 'KENER', 'KALIWUNGU', 'SEMARANG', 'JAWA TENGAH', '50229'),
(32874, 'MUKIRAN', 'KALIWUNGU', 'SEMARANG', 'JAWA TENGAH', '50229'),
(32875, 'PAGER', 'KALIWUNGU', 'SEMARANG', 'JAWA TENGAH', '50229'),
(32876, 'PAPRINGAN', 'KALIWUNGU', 'SEMARANG', 'JAWA TENGAH', '50229'),
(32877, 'PAYUNGAN', 'KALIWUNGU', 'SEMARANG', 'JAWA TENGAH', '50229'),
(32878, 'PUNGANGAN', 'GUNUNGPATI', 'SEMARANG', 'JAWA TENGAH', '50229'),
(32879, 'ROGOMULYO', 'KALIWUNGU', 'SEMARANG', 'JAWA TENGAH', '50229'),
(32880, 'SEKARAN', 'GUNUNGPATI', 'SEMARANG', 'JAWA TENGAH', '50229'),
(32881, 'SIWAL', 'KALIWUNGU', 'SEMARANG', 'JAWA TENGAH', '50229'),
(32882, 'UDANWUH', 'KALIWUNGU', 'SEMARANG', 'JAWA TENGAH', '50229'),
(32883, 'BENDUNGAN', 'GAJAH MUNGKUR', 'SEMARANG', 'JAWA TENGAH', '50231'),
(32884, 'GENUKSARI', 'GENUK', 'SEMARANG', 'JAWA TENGAH', '50231'),
(32885, 'LEMPONGSARI', 'GAJAH MUNGKUR', 'SEMARANG', 'JAWA TENGAH', '50231'),
(32886, 'GAJAH MUNGKUR', 'GAJAH MUNGKUR', 'SEMARANG', 'JAWA TENGAH', '50232'),
(32887, 'KARANGTEMPEL', 'SEMARANG TIMUR', 'SEMARANG', 'JAWA TENGAH', '50232'),
(32888, 'SAMPANGAN', 'GAJAH MUNGKUR', 'SEMARANG', 'JAWA TENGAH', '50232'),
(32889, 'BENDAN NGISOR', 'GAJAH MUNGKUR', 'SEMARANG', 'JAWA TENGAH', '50233'),
(32890, 'BENDAN DUWUR', 'GAJAH MUNGKUR', 'SEMARANG', 'JAWA TENGAH', '50235'),
(32891, 'KARANG REJO', 'GAJAH MUNGKUR', 'SEMARANG', 'JAWA TENGAH', '50235'),
(32892, 'PETOMPON', 'GAJAH MUNGKUR', 'SEMARANG', 'JAWA TENGAH', '50237'),
(32893, 'KARANGKIDUL', 'SEMARANG TENGAH', 'SEMARANG', 'JAWA TENGAH', '50241'),
(32894, 'PEKUNDEN', 'SEMARANG TENGAH', 'SEMARANG', 'JAWA TENGAH', '50241'),
(32895, 'PLEBURAN', 'SEMARANG SELATAN', 'SEMARANG', 'JAWA TENGAH', '50241'),
(32896, 'PETERONGAN', 'SEMARANG SELATAN', 'SEMARANG', 'JAWA TENGAH', '50242'),
(32897, 'WONODRI', 'SEMARANG SELATAN', 'SEMARANG', 'JAWA TENGAH', '50242'),
(32898, 'RANDUSARI', 'SEMARANG SELATAN', 'SEMARANG', 'JAWA TENGAH', '50244'),
(32899, 'WONOSARI', 'NGALIYAN', 'SEMARANG', 'JAWA TENGAH', '50244'),
(32900, 'BARUSARI', 'SEMARANG SELATAN', 'SEMARANG', 'JAWA TENGAH', '50245'),
(32901, 'BULUSTALAN', 'SEMARANG SELATAN', 'SEMARANG', 'JAWA TENGAH', '50246'),
(32902, 'GEMAH', 'PEDURUNGAN', 'SEMARANG', 'JAWA TENGAH', '50246'),
(32903, 'PALEBON', 'PEDURUNGAN', 'SEMARANG', 'JAWA TENGAH', '50246'),
(32904, 'GAYAMSARI', 'GAYAMSARI', 'SEMARANG', 'JAWA TENGAH', '50248'),
(32905, 'LAMPER TENGAH', 'SEMARANG SELATAN', 'SEMARANG', 'JAWA TENGAH', '50248'),
(32906, 'LAMPER KIDUL', 'SEMARANG SELATAN', 'SEMARANG', 'JAWA TENGAH', '50249'),
(32907, 'LAMPER LOR', 'SEMARANG SELATAN', 'SEMARANG', 'JAWA TENGAH', '50249'),
(32908, 'MUGASSARI', 'SEMARANG SELATAN', 'SEMARANG', 'JAWA TENGAH', '50249'),
(32909, 'PANDEAN LAMPER', 'GAYAMSARI', 'SEMARANG', 'JAWA TENGAH', '50249'),
(32910, 'WONOTINGAL', 'CANDISARI', 'SEMARANG', 'JAWA TENGAH', '50252'),
(32911, 'KALIWIRU', 'CANDISARI', 'SEMARANG', 'JAWA TENGAH', '50253'),
(32912, 'JATINGALEH', 'CANDISARI', 'SEMARANG', 'JAWA TENGAH', '50254'),
(32913, 'KARANGANYAR GUNUNG', 'CANDISARI', 'SEMARANG', 'JAWA TENGAH', '50255'),
(32914, 'JOMBLANG', 'CANDISARI', 'SEMARANG', 'JAWA TENGAH', '50256'),
(32915, 'CANDI', 'CANDISARI', 'SEMARANG', 'JAWA TENGAH', '50257'),
(32916, 'NGESREP', 'BANYUMANIK', 'SEMARANG', 'JAWA TENGAH', '50261'),
(32917, 'TINJOMOYO', 'BANYUMANIK', 'SEMARANG', 'JAWA TENGAH', '50262'),
(32918, 'SRONDOL KULON', 'BANYUMANIK', 'SEMARANG', 'JAWA TENGAH', '50263'),
(32919, 'SRONDOL WETAN', 'BANYUMANIK', 'SEMARANG', 'JAWA TENGAH', '50263'),
(32920, 'BANYUMANIK', 'BANYUMANIK', 'SEMARANG', 'JAWA TENGAH', '50264'),
(32921, 'PUDAKPAYUNG', 'BANYUMANIK', 'SEMARANG', 'JAWA TENGAH', '50265'),
(32922, 'GEDAWANG', 'BANYUMANIK', 'SEMARANG', 'JAWA TENGAH', '50266'),
(32923, 'JABUNGAN', 'BANYUMANIK', 'SEMARANG', 'JAWA TENGAH', '50266'),
(32924, 'PADANGSARI', 'BANYUMANIK', 'SEMARANG', 'JAWA TENGAH', '50267'),
(32925, 'PEDALANGAN', 'BANYUMANIK', 'SEMARANG', 'JAWA TENGAH', '50268'),
(32926, 'SUMURBOTO', 'BANYUMANIK', 'SEMARANG', 'JAWA TENGAH', '50269'),
(32927, 'GENTING', 'JAMBU', 'SEMARANG', 'JAWA TENGAH', '50271'),
(32928, 'METESEH', 'TEMBALANG', 'SEMARANG', 'JAWA TENGAH', '50271'),
(32929, 'MANGUNHARJO', 'TEMBALANG', 'SEMARANG', 'JAWA TENGAH', '50272'),
(32930, 'SENDANGMULYO', 'TEMBALANG', 'SEMARANG', 'JAWA TENGAH', '50272'),
(32931, 'KEDUNGMUNDU', 'TEMBALANG', 'SEMARANG', 'JAWA TENGAH', '50273'),
(32932, 'SENDANGGUWO', 'TEMBALANG', 'SEMARANG', 'JAWA TENGAH', '50273'),
(32933, 'JANGLI', 'TEMBALANG', 'SEMARANG', 'JAWA TENGAH', '50274'),
(32934, 'TANDANG', 'TEMBALANG', 'SEMARANG', 'JAWA TENGAH', '50274'),
(32935, 'JATISARI', 'MIJEN', 'SEMARANG', 'JAWA TENGAH', '50275'),
(32936, 'TEMBALANG', 'TEMBALANG', 'SEMARANG', 'JAWA TENGAH', '50275'),
(32937, 'SAMBIROTO', 'TEMBALANG', 'SEMARANG', 'JAWA TENGAH', '50276'),
(32938, 'BULUSAN', 'TEMBALANG', 'SEMARANG', 'JAWA TENGAH', '50277'),
(32939, 'KRAMAS', 'TEMBALANG', 'SEMARANG', 'JAWA TENGAH', '50278'),
(32940, 'ROWOSARI', 'TEMBALANG', 'SEMARANG', 'JAWA TENGAH', '50279'),
(32941, 'UNGARAN', 'UNGARAN BARAT', 'SEMARANG', 'JAWA TENGAH', '50511'),
(32942, 'GENUK', 'UNGARAN BARAT', 'SEMARANG', 'JAWA TENGAH', '50512'),
(32943, 'CANDIREJO', 'UNGARAN BARAT', 'SEMARANG', 'JAWA TENGAH', '50513'),
(32944, 'PENAWANGAN', 'PRINGAPUS', 'SEMARANG', 'JAWA TENGAH', '50513'),
(32945, 'SIDOMULYO', 'UNGARAN TIMUR', 'SEMARANG', 'JAWA TENGAH', '50514'),
(32946, 'KALIREJO', 'UNGARAN TIMUR', 'SEMARANG', 'JAWA TENGAH', '50515'),
(32947, 'SUSUKAN', 'UNGARAN TIMUR', 'SEMARANG', 'JAWA TENGAH', '50516'),
(32948, 'BANDARJO', 'UNGARAN BARAT', 'SEMARANG', 'JAWA TENGAH', '50517'),
(32949, 'LANGENSARI', 'UNGARAN BARAT', 'SEMARANG', 'JAWA TENGAH', '50518'),
(32950, 'BEJI', 'UNGARAN TIMUR', 'SEMARANG', 'JAWA TENGAH', '50519'),
(32951, 'BRANJANG', 'UNGARAN BARAT', 'SEMARANG', 'JAWA TENGAH', '50519'),
(32952, 'GEDANGANAK', 'UNGARAN TIMUR', 'SEMARANG', 'JAWA TENGAH', '50519'),
(32953, 'KALIKAYEN', 'UNGARAN TIMUR', 'SEMARANG', 'JAWA TENGAH', '50519'),
(32954, 'KALISIDI', 'UNGARAN BARAT', 'SEMARANG', 'JAWA TENGAH', '50519'),
(32955, 'KALONGAN', 'UNGARAN TIMUR', 'SEMARANG', 'JAWA TENGAH', '50519'),
(32956, 'KAWENGEN', 'UNGARAN TIMUR', 'SEMARANG', 'JAWA TENGAH', '50519'),
(32957, 'KEJI', 'UNGARAN BARAT', 'SEMARANG', 'JAWA TENGAH', '50519'),
(32958, 'LEREP', 'UNGARAN BARAT', 'SEMARANG', 'JAWA TENGAH', '50519'),
(32959, 'LEYANGAN', 'UNGARAN TIMUR', 'SEMARANG', 'JAWA TENGAH', '50519'),
(32960, 'MIJEN', 'MIJEN', 'SEMARANG', 'JAWA TENGAH', '50519'),
(32961, 'MLUWEH', 'UNGARAN TIMUR', 'SEMARANG', 'JAWA TENGAH', '50519'),
(32962, 'GOGIK', 'UNGARAN BARAT', 'SEMARANG', 'JAWA TENGAH', '50551'),
(32963, 'NYATNYONO', 'UNGARAN BARAT', 'SEMARANG', 'JAWA TENGAH', '50551'),
(32964, 'BERGAS KIDUL', 'BERGAS', 'SEMARANG', 'JAWA TENGAH', '50552'),
(32965, 'BERGAS LOR', 'BERGAS', 'SEMARANG', 'JAWA TENGAH', '50552'),
(32966, 'DIWAK', 'BERGAS', 'SEMARANG', 'JAWA TENGAH', '50552'),
(32967, 'GEBUGAN', 'BERGAS', 'SEMARANG', 'JAWA TENGAH', '50552'),
(32968, 'JATIJAJAR', 'BERGAS', 'SEMARANG', 'JAWA TENGAH', '50552'),
(32969, 'KARANGJATI', 'BERGAS', 'SEMARANG', 'JAWA TENGAH', '50552'),
(32970, 'KLEPU', 'PRINGAPUS', 'SEMARANG', 'JAWA TENGAH', '50552'),
(32971, 'MUNDING', 'BERGAS', 'SEMARANG', 'JAWA TENGAH', '50552'),
(32972, 'NGEMPON', 'BERGAS', 'SEMARANG', 'JAWA TENGAH', '50552'),
(32973, 'PAGERSARI', 'BERGAS', 'SEMARANG', 'JAWA TENGAH', '50552'),
(32974, 'RANDUGUNTING', 'BERGAS', 'SEMARANG', 'JAWA TENGAH', '50552'),
(32975, 'WRINGIN PUTIH', 'BERGAS', 'SEMARANG', 'JAWA TENGAH', '50552'),
(32976, 'WUJIL', 'BERGAS', 'SEMARANG', 'JAWA TENGAH', '50552'),
(32977, 'LODOYONG', 'AMBARAWA', 'SEMARANG', 'JAWA TENGAH', '50611'),
(32978, 'LOSARI', 'SUMOWONO', 'SEMARANG', 'JAWA TENGAH', '50611'),
(32979, 'KUPANG', 'AMBARAWA', 'SEMARANG', 'JAWA TENGAH', '50612'),
(32980, 'TAMBAKBOYO', 'AMBARAWA', 'SEMARANG', 'JAWA TENGAH', '50612'),
(32981, 'JAGALAN', 'SEMARANG TENGAH', 'SEMARANG', 'JAWA TENGAH', '50613'),
(32982, 'KRANGGAN', 'AMBARAWA', 'SEMARANG', 'JAWA TENGAH', '50613'),
(32983, 'BANDUNGAN', 'BANDUNGAN', 'SEMARANG', 'JAWA TENGAH', '50614'),
(32984, 'BARAN', 'AMBARAWA', 'SEMARANG', 'JAWA TENGAH', '50614'),
(32985, 'BEJALEN', 'AMBARAWA', 'SEMARANG', 'JAWA TENGAH', '50614'),
(32986, 'CANDI', 'BANDUNGAN', 'SEMARANG', 'JAWA TENGAH', '50614'),
(32987, 'DUREN', 'BANDUNGAN', 'SEMARANG', 'JAWA TENGAH', '50614'),
(32988, 'JETIS', 'BANDUNGAN', 'SEMARANG', 'JAWA TENGAH', '50614'),
(32989, 'KENTENG', 'BANDUNGAN', 'SEMARANG', 'JAWA TENGAH', '50614'),
(32990, 'MLILIR', 'BANDUNGAN', 'SEMARANG', 'JAWA TENGAH', '50614'),
(32991, 'NGAMPIN', 'AMBARAWA', 'SEMARANG', 'JAWA TENGAH', '50614'),
(32992, 'PANJANG', 'AMBARAWA', 'SEMARANG', 'JAWA TENGAH', '50614'),
(32993, 'PASEKAN', 'AMBARAWA', 'SEMARANG', 'JAWA TENGAH', '50614'),
(32994, 'POJOKSARI', 'AMBARAWA', 'SEMARANG', 'JAWA TENGAH', '50614'),
(32995, 'TEGALSARI', 'CANDISARI', 'SEMARANG', 'JAWA TENGAH', '50614'),
(32996, 'ASINAN', 'BAWEN', 'SEMARANG', 'JAWA TENGAH', '50661'),
(32997, 'BAWEN', 'BAWEN', 'SEMARANG', 'JAWA TENGAH', '50661'),
(32998, 'DOPLANG', 'BAWEN', 'SEMARANG', 'JAWA TENGAH', '50661'),
(32999, 'HARJOSARI', 'BAWEN', 'SEMARANG', 'JAWA TENGAH', '50661'),
(33000, 'JIMBARAN', 'BANDUNGAN', 'SEMARANG', 'JAWA TENGAH', '50661'),
(33001, 'KANDANGAN', 'BAWEN', 'SEMARANG', 'JAWA TENGAH', '50661'),
(33002, 'LEMAHIRENG', 'BAWEN', 'SEMARANG', 'JAWA TENGAH', '50661'),
(33003, 'PAKOPEN', 'BANDUNGAN', 'SEMARANG', 'JAWA TENGAH', '50661'),
(33004, 'POLOSIRI', 'BAWEN', 'SEMARANG', 'JAWA TENGAH', '50661'),
(33005, 'PONCORUSO', 'BAWEN', 'SEMARANG', 'JAWA TENGAH', '50661'),
(33006, 'SAMBAN', 'BAWEN', 'SEMARANG', 'JAWA TENGAH', '50661'),
(33007, 'SIDOMUKTI', 'BANDUNGAN', 'SEMARANG', 'JAWA TENGAH', '50661'),
(33008, 'BUMEN', 'SUMOWONO', 'SEMARANG', 'JAWA TENGAH', '50662'),
(33009, 'CANDIGARON', 'SUMOWONO', 'SEMARANG', 'JAWA TENGAH', '50662'),
(33010, 'DUREN', 'SUMOWONO', 'SEMARANG', 'JAWA TENGAH', '50662'),
(33011, 'JUBELAN', 'SUMOWONO', 'SEMARANG', 'JAWA TENGAH', '50662'),
(33012, 'KEMAWI', 'SUMOWONO', 'SEMARANG', 'JAWA TENGAH', '50662'),
(33013, 'KEMITIR', 'SUMOWONO', 'SEMARANG', 'JAWA TENGAH', '50662'),
(33014, 'KESENENG', 'SUMOWONO', 'SEMARANG', 'JAWA TENGAH', '50662'),
(33015, 'LANJAN', 'SUMOWONO', 'SEMARANG', 'JAWA TENGAH', '50662'),
(33016, 'MENDONGAN', 'SUMOWONO', 'SEMARANG', 'JAWA TENGAH', '50662'),
(33017, 'NGADIKERSO', 'SUMOWONO', 'SEMARANG', 'JAWA TENGAH', '50662'),
(33018, 'PIYANGGANG', 'SUMOWONO', 'SEMARANG', 'JAWA TENGAH', '50662'),
(33019, 'PLEDOKAN', 'SUMOWONO', 'SEMARANG', 'JAWA TENGAH', '50662'),
(33020, 'SUMOWONO', 'SUMOWONO', 'SEMARANG', 'JAWA TENGAH', '50662'),
(33021, 'TRAYU', 'SUMOWONO', 'SEMARANG', 'JAWA TENGAH', '50662'),
(33022, 'BANYUKUNING', 'BANDUNGAN', 'SEMARANG', 'JAWA TENGAH', '50663'),
(33023, 'BEDONO', 'JAMBU', 'SEMARANG', 'JAWA TENGAH', '50663'),
(33024, 'BRONGKOL', 'JAMBU', 'SEMARANG', 'JAWA TENGAH', '50663'),
(33025, 'GEMAWANG', 'JAMBU', 'SEMARANG', 'JAWA TENGAH', '50663'),
(33026, 'GONDORIYO', 'JAMBU', 'SEMARANG', 'JAWA TENGAH', '50663'),
(33027, 'JAMBU', 'JAMBU', 'SEMARANG', 'JAWA TENGAH', '50663'),
(33028, 'KEBONDALEM', 'JAMBU', 'SEMARANG', 'JAWA TENGAH', '50663'),
(33029, 'KELURAHAN', 'JAMBU', 'SEMARANG', 'JAWA TENGAH', '50663'),
(33030, 'KUWARASAN', 'JAMBU', 'SEMARANG', 'JAWA TENGAH', '50663'),
(33031, 'REJOSARI', 'JAMBU', 'SEMARANG', 'JAWA TENGAH', '50663'),
(33032, 'BANYUBIRU', 'BANYUBIRU', 'SEMARANG', 'JAWA TENGAH', '50664'),
(33033, 'GEDONG', 'BANYUBIRU', 'SEMARANG', 'JAWA TENGAH', '50664'),
(33034, 'KEBONDOWO', 'BANYUBIRU', 'SEMARANG', 'JAWA TENGAH', '50664'),
(33035, 'KEBUMEN', 'BANYUBIRU', 'SEMARANG', 'JAWA TENGAH', '50664'),
(33036, 'KEMAMBANG', 'BANYUBIRU', 'SEMARANG', 'JAWA TENGAH', '50664'),
(33037, 'NGRAPAH', 'BANYUBIRU', 'SEMARANG', 'JAWA TENGAH', '50664'),
(33038, 'ROWOBONI', 'BANYUBIRU', 'SEMARANG', 'JAWA TENGAH', '50664'),
(33039, 'SEPAKUNG', 'BANYUBIRU', 'SEMARANG', 'JAWA TENGAH', '50664'),
(33040, 'TEGARON', 'BANYUBIRU', 'SEMARANG', 'JAWA TENGAH', '50664'),
(33041, 'WIROGOMO', 'BANYUBIRU', 'SEMARANG', 'JAWA TENGAH', '50664'),
(33042, 'SALATIGA', 'SIDOREJO', 'SALATIGA', 'JAWA TENGAH', '50711'),
(33043, 'KAUMAN KIDUL', 'SIDOREJO', 'SALATIGA', 'JAWA TENGAH', '50712'),
(33044, 'BUGEL', 'SIDOREJO', 'SALATIGA', 'JAWA TENGAH', '50713'),
(33045, 'SIDOREJO LOR', 'SIDOREJO', 'SALATIGA', 'JAWA TENGAH', '50714'),
(33046, 'BLOTONGAN', 'SIDOREJO', 'SALATIGA', 'JAWA TENGAH', '50715'),
(33047, 'PULUTAN', 'SIDOREJO', 'SALATIGA', 'JAWA TENGAH', '50716'),
(33048, 'MANGUNSARI', 'SIDOMUKTI', 'SALATIGA', 'JAWA TENGAH', '50721'),
(33049, 'DUKUH', 'SIDOMUKTI', 'SALATIGA', 'JAWA TENGAH', '50722'),
(33050, 'KECANDRAN', 'SIDOMUKTI', 'SALATIGA', 'JAWA TENGAH', '50723'),
(33051, 'KALICACING', 'SIDOMUKTI', 'SALATIGA', 'JAWA TENGAH', '50724'),
(33052, 'LEDOK', 'ARGOMULYO', 'SALATIGA', 'JAWA TENGAH', '50732'),
(33053, 'TEGALREJO', 'ARGOMULYO', 'SALATIGA', 'JAWA TENGAH', '50733'),
(33054, 'KUMPULREJO', 'ARGOMULYO', 'SALATIGA', 'JAWA TENGAH', '50734'),
(33055, 'RANDUACIR', 'ARGOMULYO', 'SALATIGA', 'JAWA TENGAH', '50735'),
(33056, 'CEBONGAN', 'ARGOMULYO', 'SALATIGA', 'JAWA TENGAH', '50736'),
(33057, 'NOBOREJO', 'ARGOMULYO', 'SALATIGA', 'JAWA TENGAH', '50736'),
(33058, 'SIDOREJO KIDUL', 'TINGKIR', 'SALATIGA', 'JAWA TENGAH', '50741'),
(33059, 'KUTOWINANGUN', 'TINGKIR', 'SALATIGA', 'JAWA TENGAH', '50742'),
(33060, 'GENDONGAN', 'TINGKIR', 'SALATIGA', 'JAWA TENGAH', '50743'),
(33061, 'KALIBENING', 'TINGKIR', 'SALATIGA', 'JAWA TENGAH', '50744'),
(33062, 'TINGKIR TENGAH', 'TINGKIR', 'SALATIGA', 'JAWA TENGAH', '50745'),
(33063, 'TINGKIR LOR', 'TINGKIR', 'SALATIGA', 'JAWA TENGAH', '50746'),
(33064, 'BEJATEN', 'PABELAN', 'SEMARANG', 'JAWA TENGAH', '50771'),
(33065, 'BENDUNGAN', 'PABELAN', 'SEMARANG', 'JAWA TENGAH', '50771'),
(33066, 'GILING', 'PABELAN', 'SEMARANG', 'JAWA TENGAH', '50771'),
(33067, 'GLAWAN', 'PABELAN', 'SEMARANG', 'JAWA TENGAH', '50771'),
(33068, 'JEMBRAK', 'PABELAN', 'SEMARANG', 'JAWA TENGAH', '50771'),
(33069, 'KADIREJO', 'PABELAN', 'SEMARANG', 'JAWA TENGAH', '50771'),
(33070, 'KARANGGONDANG', 'PABELAN', 'SEMARANG', 'JAWA TENGAH', '50771'),
(33071, 'KAUMAN LOR', 'PABELAN', 'SEMARANG', 'JAWA TENGAH', '50771'),
(33072, 'PABELAN', 'PABELAN', 'SEMARANG', 'JAWA TENGAH', '50771'),
(33073, 'PADAAN', 'PABELAN', 'SEMARANG', 'JAWA TENGAH', '50771'),
(33074, 'SEGIRI', 'PABELAN', 'SEMARANG', 'JAWA TENGAH', '50771'),
(33075, 'SEMOWO', 'PABELAN', 'SEMARANG', 'JAWA TENGAH', '50771'),
(33076, 'SUKOHARJO', 'PABELAN', 'SEMARANG', 'JAWA TENGAH', '50771'),
(33077, 'SUMBEREJO', 'PABELAN', 'SEMARANG', 'JAWA TENGAH', '50771'),
(33078, 'TERBAN', 'PABELAN', 'SEMARANG', 'JAWA TENGAH', '50771'),
(33079, 'TUKANG', 'PABELAN', 'SEMARANG', 'JAWA TENGAH', '50771'),
(33080, 'UJUNG-UJUNG', 'PABELAN', 'SEMARANG', 'JAWA TENGAH', '50771'),
(33081, 'BANDING', 'BRINGIN', 'SEMARANG', 'JAWA TENGAH', '50772'),
(33082, 'BRINGIN', 'BRINGIN', 'SEMARANG', 'JAWA TENGAH', '50772'),
(33083, 'GOGODALEM', 'BRINGIN', 'SEMARANG', 'JAWA TENGAH', '50772'),
(33084, 'KALIJAMBE', 'BRINGIN', 'SEMARANG', 'JAWA TENGAH', '50772'),
(33085, 'KALIKURMO', 'BRINGIN', 'SEMARANG', 'JAWA TENGAH', '50772'),
(33086, 'LEBAK', 'BRINGIN', 'SEMARANG', 'JAWA TENGAH', '50772'),
(33087, 'NYEMOH', 'BRINGIN', 'SEMARANG', 'JAWA TENGAH', '50772'),
(33088, 'PAKIS', 'BRINGIN', 'SEMARANG', 'JAWA TENGAH', '50772'),
(33089, 'POPONGAN', 'BRINGIN', 'SEMARANG', 'JAWA TENGAH', '50772'),
(33090, 'SAMBIREJO', 'BRINGIN', 'SEMARANG', 'JAWA TENGAH', '50772'),
(33091, 'SENDANG', 'BRINGIN', 'SEMARANG', 'JAWA TENGAH', '50772'),
(33092, 'TANJUNG', 'BRINGIN', 'SEMARANG', 'JAWA TENGAH', '50772'),
(33093, 'TEMPURAN', 'BRINGIN', 'SEMARANG', 'JAWA TENGAH', '50772'),
(33094, 'TRUKO', 'BRINGIN', 'SEMARANG', 'JAWA TENGAH', '50772'),
(33095, 'WIRU', 'BRINGIN', 'SEMARANG', 'JAWA TENGAH', '50772'),
(33096, 'CANDIREJO', 'TUNTANG', 'SEMARANG', 'JAWA TENGAH', '50773'),
(33097, 'DELIK', 'TUNTANG', 'SEMARANG', 'JAWA TENGAH', '50773'),
(33098, 'GEDANGAN', 'TUNTANG', 'SEMARANG', 'JAWA TENGAH', '50773'),
(33099, 'JOMBOR', 'TUNTANG', 'SEMARANG', 'JAWA TENGAH', '50773'),
(33100, 'KALIBEJI', 'TUNTANG', 'SEMARANG', 'JAWA TENGAH', '50773'),
(33101, 'KARANGANYAR', 'TUNTANG', 'SEMARANG', 'JAWA TENGAH', '50773'),
(33102, 'KESONGO', 'TUNTANG', 'SEMARANG', 'JAWA TENGAH', '50773'),
(33103, 'LOPAIT', 'TUNTANG', 'SEMARANG', 'JAWA TENGAH', '50773'),
(33104, 'NGAJARAN', 'TUNTANG', 'SEMARANG', 'JAWA TENGAH', '50773'),
(33105, 'ROWOSARI', 'TUNTANG', 'SEMARANG', 'JAWA TENGAH', '50773'),
(33106, 'SRATEN', 'TUNTANG', 'SEMARANG', 'JAWA TENGAH', '50773'),
(33107, 'TLOMPAKAN', 'TUNTANG', 'SEMARANG', 'JAWA TENGAH', '50773'),
(33108, 'TUNTANG', 'TUNTANG', 'SEMARANG', 'JAWA TENGAH', '50773'),
(33109, 'WATUAGUNG', 'TUNTANG', 'SEMARANG', 'JAWA TENGAH', '50773'),
(33110, 'BATUR', 'GETASAN', 'SEMARANG', 'JAWA TENGAH', '50774'),
(33111, 'GETASAN', 'GETASAN', 'SEMARANG', 'JAWA TENGAH', '50774'),
(33112, 'JETAK', 'GETASAN', 'SEMARANG', 'JAWA TENGAH', '50774'),
(33113, 'KOPENG', 'GETASAN', 'SEMARANG', 'JAWA TENGAH', '50774'),
(33114, 'MANGGIHAN', 'GETASAN', 'SEMARANG', 'JAWA TENGAH', '50774'),
(33115, 'NGRAWAN', 'GETASAN', 'SEMARANG', 'JAWA TENGAH', '50774'),
(33116, 'NOGOSAREN', 'GETASAN', 'SEMARANG', 'JAWA TENGAH', '50774'),
(33117, 'POLOBOGO', 'GETASAN', 'SEMARANG', 'JAWA TENGAH', '50774'),
(33118, 'SAMIRONO', 'GETASAN', 'SEMARANG', 'JAWA TENGAH', '50774'),
(33119, 'SUMOGAWE', 'GETASAN', 'SEMARANG', 'JAWA TENGAH', '50774'),
(33120, 'TAJUK', 'GETASAN', 'SEMARANG', 'JAWA TENGAH', '50774'),
(33121, 'TOLOKAN', 'GETASAN', 'SEMARANG', 'JAWA TENGAH', '50774'),
(33122, 'WATES', 'GETASAN', 'SEMARANG', 'JAWA TENGAH', '50774'),
(33123, 'BARUKAN', 'TENGARAN', 'SEMARANG', 'JAWA TENGAH', '50775'),
(33124, 'BENER', 'TENGARAN', 'SEMARANG', 'JAWA TENGAH', '50775'),
(33125, 'BUTUH', 'TENGARAN', 'SEMARANG', 'JAWA TENGAH', '50775'),
(33126, 'CUKIL', 'TENGARAN', 'SEMARANG', 'JAWA TENGAH', '50775'),
(33127, 'DUREN', 'TENGARAN', 'SEMARANG', 'JAWA TENGAH', '50775'),
(33128, 'KARANGDUREN', 'TENGARAN', 'SEMARANG', 'JAWA TENGAH', '50775'),
(33129, 'KLERO', 'TENGARAN', 'SEMARANG', 'JAWA TENGAH', '50775'),
(33130, 'NYAMAT', 'TENGARAN', 'SEMARANG', 'JAWA TENGAH', '50775'),
(33131, 'PATEMON', 'TENGARAN', 'SEMARANG', 'JAWA TENGAH', '50775'),
(33132, 'REGUNUNG', 'TENGARAN', 'SEMARANG', 'JAWA TENGAH', '50775'),
(33133, 'SRUWEN', 'TENGARAN', 'SEMARANG', 'JAWA TENGAH', '50775'),
(33134, 'SUGIHAN', 'TENGARAN', 'SEMARANG', 'JAWA TENGAH', '50775'),
(33135, 'TEGALWATON', 'TENGARAN', 'SEMARANG', 'JAWA TENGAH', '50775'),
(33136, 'TENGARAN', 'TENGARAN', 'SEMARANG', 'JAWA TENGAH', '50775'),
(33137, 'BEJI LOR', 'SURUH', 'SEMARANG', 'JAWA TENGAH', '50776'),
(33138, 'BONOMERTO', 'SURUH', 'SEMARANG', 'JAWA TENGAH', '50776'),
(33139, 'CUKILAN', 'SURUH', 'SEMARANG', 'JAWA TENGAH', '50776'),
(33140, 'DADAPAYAM', 'SURUH', 'SEMARANG', 'JAWA TENGAH', '50776'),
(33141, 'DERSANSARI', 'SURUH', 'SEMARANG', 'JAWA TENGAH', '50776'),
(33142, 'GUNUNG TUMPENG', 'SURUH', 'SEMARANG', 'JAWA TENGAH', '50776'),
(33143, 'JATIREJO', 'SURUH', 'SEMARANG', 'JAWA TENGAH', '50776'),
(33144, 'KEBOWAN', 'SURUH', 'SEMARANG', 'JAWA TENGAH', '50776'),
(33145, 'KEDUNGRINGIN', 'SURUH', 'SEMARANG', 'JAWA TENGAH', '50776'),
(33146, 'KETANGGI', 'SURUH', 'SEMARANG', 'JAWA TENGAH', '50776'),
(33147, 'KRANDON LOR', 'SURUH', 'SEMARANG', 'JAWA TENGAH', '50776'),
(33148, 'MEDAYU', 'SURUH', 'SEMARANG', 'JAWA TENGAH', '50776'),
(33149, 'PURWOREJO', 'SURUH', 'SEMARANG', 'JAWA TENGAH', '50776'),
(33150, 'REKSOSARI', 'SURUH', 'SEMARANG', 'JAWA TENGAH', '50776'),
(33151, 'SUKOREJO', 'SURUH', 'SEMARANG', 'JAWA TENGAH', '50776'),
(33152, 'SURUH', 'SURUH', 'SEMARANG', 'JAWA TENGAH', '50776'),
(33153, 'BADRAN', 'SUSUKAN', 'SEMARANG', 'JAWA TENGAH', '50777'),
(33154, 'BAKALREJO', 'SUSUKAN', 'SEMARANG', 'JAWA TENGAH', '50777'),
(33155, 'GENTAN', 'SUSUKAN', 'SEMARANG', 'JAWA TENGAH', '50777'),
(33156, 'KEMETUL', 'SUSUKAN', 'SEMARANG', 'JAWA TENGAH', '50777'),
(33157, 'KENTENG', 'SUSUKAN', 'SEMARANG', 'JAWA TENGAH', '50777'),
(33158, 'KETAPANG', 'SUSUKAN', 'SEMARANG', 'JAWA TENGAH', '50777'),
(33159, 'KORIPAN', 'SUSUKAN', 'SEMARANG', 'JAWA TENGAH', '50777'),
(33160, 'MUNCAR', 'SUSUKAN', 'SEMARANG', 'JAWA TENGAH', '50777'),
(33161, 'NGASINAN', 'SUSUKAN', 'SEMARANG', 'JAWA TENGAH', '50777'),
(33162, 'SIDOHARJO', 'SUSUKAN', 'SEMARANG', 'JAWA TENGAH', '50777'),
(33163, 'SUSUKAN', 'SUSUKAN', 'SEMARANG', 'JAWA TENGAH', '50777'),
(33164, 'TAWANG', 'SUSUKAN', 'SEMARANG', 'JAWA TENGAH', '50777'),
(33165, 'TIMPIK', 'SUSUKAN', 'SEMARANG', 'JAWA TENGAH', '50777');

--
-- Indexes for dumped tables
--

--
-- Indeks untuk tabel `agama`
--
ALTER TABLE `agama`
  ADD PRIMARY KEY (`id`),
  ADD KEY `agama` (`agama`);

--
-- Indeks untuk tabel `anggota_keluarga`
--
ALTER TABLE `anggota_keluarga`
  ADD PRIMARY KEY (`nik`),
  ADD KEY `agama` (`agama`),
  ADD KEY `gol_darah` (`gol_darah`),
  ADD KEY `jenis_kelamin` (`jenis_kelamin`),
  ADD KEY `pekerjaan` (`pekerjaan`),
  ADD KEY `status_hubungan` (`status_hubungan`),
  ADD KEY `status_perkawinan` (`status_perkawinan`),
  ADD KEY `no_kk` (`no_kk`),
  ADD KEY `pendidikan` (`pendidikan`);

--
-- Indeks untuk tabel `data_group`
--
ALTER TABLE `data_group`
  ADD PRIMARY KEY (`id`),
  ADD KEY `id_wilayah` (`id_wilayah`),
  ADD KEY `no_kk` (`no_kk`),
  ADD KEY `kepala_keluarga` (`kepala_keluarga`);

--
-- Indeks untuk tabel `gol_darah`
--
ALTER TABLE `gol_darah`
  ADD PRIMARY KEY (`id`),
  ADD KEY `gol_darah` (`gol_darah`);

--
-- Indeks untuk tabel `jenis_kelamin`
--
ALTER TABLE `jenis_kelamin`
  ADD PRIMARY KEY (`id`),
  ADD KEY `jenis_kelamin` (`jenis_kelamin`);

--
-- Indeks untuk tabel `kartu_keluarga`
--
ALTER TABLE `kartu_keluarga`
  ADD PRIMARY KEY (`no_kk`),
  ADD KEY `kepala_keluarga` (`kepala_keluarga`),
  ADD KEY `status` (`status`);

--
-- Indeks untuk tabel `mutasi`
--
ALTER TABLE `mutasi`
  ADD PRIMARY KEY (`id`),
  ADD KEY `approval` (`approval`),
  ADD KEY `nik` (`nik`);

--
-- Indeks untuk tabel `pekerjaan`
--
ALTER TABLE `pekerjaan`
  ADD PRIMARY KEY (`id`),
  ADD KEY `pekerjaan` (`pekerjaan`);

--
-- Indeks untuk tabel `pendidikan_terakhir`
--
ALTER TABLE `pendidikan_terakhir`
  ADD PRIMARY KEY (`id`),
  ADD KEY `pendidikan` (`pendidikan`);

--
-- Indeks untuk tabel `pengguna`
--
ALTER TABLE `pengguna`
  ADD PRIMARY KEY (`nik`),
  ADD KEY `no_kk` (`no_kk`),
  ADD KEY `id_group` (`id_group`);

--
-- Indeks untuk tabel `status_hubungan`
--
ALTER TABLE `status_hubungan`
  ADD PRIMARY KEY (`id`),
  ADD KEY `status` (`status`);

--
-- Indeks untuk tabel `status_kk`
--
ALTER TABLE `status_kk`
  ADD PRIMARY KEY (`id`),
  ADD KEY `keterangan` (`keterangan`);

--
-- Indeks untuk tabel `status_perkawinan`
--
ALTER TABLE `status_perkawinan`
  ADD PRIMARY KEY (`id`),
  ADD KEY `status` (`status`);

--
-- Indeks untuk tabel `tagihan`
--
ALTER TABLE `tagihan`
  ADD PRIMARY KEY (`id`),
  ADD KEY `id_group` (`id_group`);

--
-- Indeks untuk tabel `wilayah`
--
ALTER TABLE `wilayah`
  ADD PRIMARY KEY (`id`),
  ADD KEY `kodepos` (`kodepos`);

--
-- AUTO_INCREMENT untuk tabel yang dibuang
--

--
-- AUTO_INCREMENT untuk tabel `data_group`
--
ALTER TABLE `data_group`
  MODIFY `id` int(11) NOT NULL AUTO_INCREMENT, AUTO_INCREMENT=4;

--
-- AUTO_INCREMENT untuk tabel `mutasi`
--
ALTER TABLE `mutasi`
  MODIFY `id` int(11) NOT NULL AUTO_INCREMENT, AUTO_INCREMENT=3;

--
-- AUTO_INCREMENT untuk tabel `tagihan`
--
ALTER TABLE `tagihan`
  MODIFY `id` int(11) NOT NULL AUTO_INCREMENT, AUTO_INCREMENT=9;

--
-- Ketidakleluasaan untuk tabel pelimpahan (Dumped Tables)
--

--
-- Ketidakleluasaan untuk tabel `anggota_keluarga`
--
ALTER TABLE `anggota_keluarga`
  ADD CONSTRAINT `anggota_keluarga_ibfk_1` FOREIGN KEY (`agama`) REFERENCES `agama` (`agama`),
  ADD CONSTRAINT `anggota_keluarga_ibfk_2` FOREIGN KEY (`gol_darah`) REFERENCES `gol_darah` (`gol_darah`),
  ADD CONSTRAINT `anggota_keluarga_ibfk_3` FOREIGN KEY (`jenis_kelamin`) REFERENCES `jenis_kelamin` (`jenis_kelamin`),
  ADD CONSTRAINT `anggota_keluarga_ibfk_4` FOREIGN KEY (`pekerjaan`) REFERENCES `pekerjaan` (`pekerjaan`),
  ADD CONSTRAINT `anggota_keluarga_ibfk_6` FOREIGN KEY (`status_hubungan`) REFERENCES `status_hubungan` (`status`),
  ADD CONSTRAINT `anggota_keluarga_ibfk_7` FOREIGN KEY (`status_perkawinan`) REFERENCES `status_perkawinan` (`status`),
  ADD CONSTRAINT `anggota_keluarga_ibfk_8` FOREIGN KEY (`no_kk`) REFERENCES `kartu_keluarga` (`no_kk`),
  ADD CONSTRAINT `anggota_keluarga_ibfk_9` FOREIGN KEY (`pendidikan`) REFERENCES `pendidikan_terakhir` (`pendidikan`);

--
-- Ketidakleluasaan untuk tabel `data_group`
--
ALTER TABLE `data_group`
  ADD CONSTRAINT `data_group_ibfk_1` FOREIGN KEY (`id_wilayah`) REFERENCES `wilayah` (`kodepos`),
  ADD CONSTRAINT `data_group_ibfk_2` FOREIGN KEY (`no_kk`) REFERENCES `kartu_keluarga` (`no_kk`),
  ADD CONSTRAINT `data_group_ibfk_3` FOREIGN KEY (`kepala_keluarga`) REFERENCES `kartu_keluarga` (`kepala_keluarga`);

--
-- Ketidakleluasaan untuk tabel `kartu_keluarga`
--
ALTER TABLE `kartu_keluarga`
  ADD CONSTRAINT `kartu_keluarga_ibfk_1` FOREIGN KEY (`status`) REFERENCES `status_kk` (`keterangan`);

--
-- Ketidakleluasaan untuk tabel `mutasi`
--
ALTER TABLE `mutasi`
  ADD CONSTRAINT `mutasi_ibfk_2` FOREIGN KEY (`approval`) REFERENCES `status_kk` (`keterangan`),
  ADD CONSTRAINT `mutasi_ibfk_3` FOREIGN KEY (`nik`) REFERENCES `pengguna` (`nik`);

--
-- Ketidakleluasaan untuk tabel `pengguna`
--
ALTER TABLE `pengguna`
  ADD CONSTRAINT `pengguna_ibfk_1` FOREIGN KEY (`no_kk`) REFERENCES `kartu_keluarga` (`no_kk`),
  ADD CONSTRAINT `pengguna_ibfk_2` FOREIGN KEY (`id_group`) REFERENCES `data_group` (`id`);

--
-- Ketidakleluasaan untuk tabel `tagihan`
--
ALTER TABLE `tagihan`
  ADD CONSTRAINT `tagihan_ibfk_1` FOREIGN KEY (`id_group`) REFERENCES `data_group` (`id`);
COMMIT;

/*!40101 SET CHARACTER_SET_CLIENT=@OLD_CHARACTER_SET_CLIENT */;
/*!40101 SET CHARACTER_SET_RESULTS=@OLD_CHARACTER_SET_RESULTS */;
/*!40101 SET COLLATION_CONNECTION=@OLD_COLLATION_CONNECTION */;
